{
  "type": "machine",
  "name": "fdm_dremel_common",
  "from": "system",
  "version": "2.0.0.1",
  "instantiation": "false",
  "inherits": "fdm_machine_common",
  "gcode_flavor": "marlin",
  "machine_max_acceleration_e": [
    "5000",
    "5000"
  ],
  "machine_max_acceleration_extruding": [
    "500",
    "500"
  ],
  "machine_max_acceleration_retracting": [
    "1000",
    "1000"
  ],
  "machine_max_acceleration_travel": [
    "500",
    "500"
  ],
  "machine_max_acceleration_x": [
    "500",
    "500"
  ],
  "machine_max_acceleration_y": [
    "500",
    "500"
  ],
  "machine_max_acceleration_z": [
    "500",
    "500"
  ],
  "machine_max_speed_e": [
    "60",
    "60"
  ],
  "machine_max_speed_x": [
    "500",
    "500"
  ],
  "machine_max_speed_y": [
    "500",
    "500"
  ],
  "machine_max_speed_z": [
    "10",
    "10"
  ],
  "machine_max_jerk_e": [
    "5",
    "5"
  ],
  "machine_max_jerk_x": [
    "8",
    "8"
  ],
  "machine_max_jerk_y": [
    "8",
    "8"
  ],
  "machine_max_jerk_z": [
    "0.4",
    "0.4"
  ],
  "machine_min_extruding_rate": [
    "0",
    "0"
  ],
  "machine_min_travel_rate": [
    "0",
    "0"
  ],
  "max_layer_height": [
    "0.32"
  ],
  "min_layer_height": [
    "0.08"
  ],
  "printable_height": "250",
  "extruder_clearance_radius": "47",
  "extruder_clearance_height_to_rod": "34",
  "extruder_clearance_height_to_lid": "34",
  "printer_settings_id": "",
  "printer_technology": "FFF",
  "printer_variant": "0.4",
  "retraction_minimum_travel": [
    "2"
  ],
  "retract_before_wipe": [
    "70%"
  ],
  "retract_when_changing_layer": [
    "1"
  ],
  "retraction_length": [
    "5"
  ],
  "retract_length_toolchange": [
    "2"
  ],
  "z_hop": [
    "0.4"
  ],
  "retract_restart_extra": [
    "0"
  ],
  "retract_restart_extra_toolchange": [
    "0"
  ],
  "retraction_speed": [
    "60"
  ],
  "deretraction_speed": [
    "40"
  ],
  "silent_mode": "0",
  "single_extruder_multi_material": "1",
  "change_filament_gcode": "",
  "machine_pause_gcode": "M25 ;pause print",
  "wipe": [
    "1"
  ],
  "default_filament_profile": [
    "Dremel Generic PLA"
  ],
  "bed_exclude_area": [
    "0x0"
  ],
  "machine_start_gcode": "G90 ; use absolute coordinates\nM83 ; extruder relative mode\nM140 S[bed_temperature_initial_layer] ; set final bed temp\nM104 S150 ; set temporary nozzle temp to prevent oozing during homing\nG4 S10 ; allow partial nozzle warmup\nG28 ; home all axis\nG1 Z50 F240\nG1 X2 Y10 F3000\nM104 S[nozzle_temperature_initial_layer] ; set final nozzle temp\nM190 S[bed_temperature_initial_layer] ; wait for bed temp to stabilize\nM109 S[nozzle_temperature_initial_layer] ; wait for nozzle temp to stabilize\nG1 Z0.28 F240\nG92 E0\nG1 Y140 E10 F1500 ; prime the nozzle\nG1 X2.3 F5000\nG92 E0\nG1 Y10 E10 F1200 ; prime the nozzle\nG92 E0",
  "machine_end_gcode": "{if max_layer_z < printable_height}G1 Z{min(max_layer_z+2, printable_height)} F600 ; Move print head up{endif}\nG1 X5 Y{print_bed_max[1]*0.8} F{travel_speed*60} ; present print\n{if max_layer_z < printable_height-10}G1 Z{min(max_layer_z+70, printable_height-10)} F600 ; Move print head further up{endif}\n{if max_layer_z < printable_height*0.6}G1 Z{printable_height*0.6} F600 ; Move print head further up{endif}\nM140 S0 ; turn off heatbed\nM104 S0 ; turn off temperature\nM107 ; turn off fan\nM84 X Y E ; disable motors",
  "layer_change_gcode": "",
  "scan_first_layer": "0",
  "nozzle_type": "undefine",
  "auxiliary_fan": "0"
}
