    {
        "inherits": "dremel_base",
        "name": "Dremel ECO-ABS @3D50",
        "from": "system",
        "type": "filament",
        "version": "2.0.0.4",
        "instantiation": "true",
        "compatible_printers":["Dremel 3D50 0.4 nozzle"],
        "activate_air_filtration":["1"],
        "additional_cooling_fan_speed":["100"],
        "complete_print_exhaust_fan_speed":["0"],
        "default_filament_colour":["#ffffff"],
        "during_print_exhaust_fan_speed":["100"],
        "enable_pressure_advance": ["1"],
        "fan_cooling_layer_time":["45"],
        "fan_min_speed":["100"],
        "filament_cost":["32"],
        "filament_flow_ratio":["0.96"],
        "filament_max_volumetric_speed":["15"],
        "filament_retract_when_changing_layer":["0"],
        "filament_settings_id":["Dremel PLA"],
        "filament_vendor":["Dremel"],
        "filament_wipe":["0"],
        "full_fan_speed_layer":["2"],
        "filament_z_hop_types": ["Auto Lift"],
        "nozzle_temperature":["230"],
        "nozzle_temperature_initial_layer":["230"],
        "nozzle_temperature_range_high":["240"],
        "cool_plate_temp":["0"],
        "cool_plate_temp_initial_layer":["0"],
        "textured_cool_plate_temp":["0"],
        "textured_cool_plate_temp_initial_layer":["0"],
        "overhang_fan_threshold":["95%"],
        "pressure_advance":["0.04"],
        "slow_down_layer_time":["3"],
        "slow_down_min_speed":["20"],
		"smooth_pei_plate_temp":["55"],
		"smooth_pei_plate_temp_initial_layer":["55"],
        "textured_plate_temp":["55"],
        "textured_plate_temp_initial_layer":["55"],
        "temperature_vitrification":["65"]
      }
      