{
    "inherits":"Dremel Silk @base",
    "name":"Dremel Silk @3D50",
    "from":"system",
    "type":"filament",
    "version":"2.0.0.3",
    "instantiation":"true",
    "compatible_printers":["Dremel 3D50 0.4 nozzle"],
    "activate_air_filtration":["1"],
    "additional_cooling_fan_speed":["60"],
    "complete_print_exhaust_fan_speed":["60"],
    "default_filament_colour":["#B56600"],
    "during_print_exhaust_fan_speed":["100"],
    "enable_pressure_advance": ["1"],
    "fan_cooling_layer_time":["100"],
    "fan_min_speed":["100"],
    "filament_cost":["38.99"],
    "filament_density":["1.32"],
    "filament_flow_ratio":["0.98"],
    "filament_max_volumetric_speed":[""],
    "filament_settings_id":["Dremel Silk"],
    "filament_start_gcode":[""],
    "filament_type":["PLA"],
    "filament_vendor":["Dremel"],
    "filament_wipe":["0"],
    "filament_z_hop_types": ["Auto Lift"],
    "hot_plate_temp": ["70"],
    "hot_plate_temp_initial_layer": ["70"],
    "nozzle_temperature":["230"],
    "nozzle_temperature_initial_layer":["230"],
    "nozzle_temperature_range_high":["240"],
    "cool_plate_temp":["0"],
    "cool_plate_temp_initial_layer":["0"],
    "textured_cool_plate_temp":["0"],
    "textured_cool_plate_temp_initial_layer":["0"],
    "overhang_fan_threshold":["50%"],
    "pressure_advance":["0.04"],
    "reduce_fan_stop_start_freq":["1"],
    "slow_down_layer_time":["4"],
    "slow_down_min_speed":["20"],
    "temperature_vitrification":["72"],
	"smooth_pei_plate_temp":["70"],
    "smooth_pei_plate_temp_initial_layer":["70"],
    "textured_plate_temp":["70"],
    "textured_plate_temp_initial_layer":["70"]
  }
  