{
    "inherits": "dremel_base",
    "name": "Dremel Nylon @3D50",
    "from": "system",
    "type": "filament",
    "version": "2.0.0.1",
    "instantiation": "true",
	"compatible_printers": [
		"Dremel 3D50 0.4 nozzle"
	],
    "activate_air_filtration": [
        "1"
    ],
    "additional_cooling_fan_speed": [
        "30"
    ],
    "complete_print_exhaust_fan_speed": [
        "0"
    ],
    "default_filament_colour": [
        "#000000"
    ],
    "during_print_exhaust_fan_speed": [
        "50"
    ],
    "fan_cooling_layer_time": [
        "45"
    ],
    "fan_min_speed": [
        "0"
    ],
    "filament_cost": [
        "38.99"
    ],
    "filament_flow_ratio": [
        "0.97"
    ],
    "filament_max_volumetric_speed": [
        "12"
    ],
    "filament_retract_when_changing_layer": [
        "0"
    ],
    "filament_settings_id": [
        "Dremel Nylon"
    ],
    "filament_vendor": [
        "Dremel"
    ],
    "filament_wipe": [
        "0"
    ],
    "nozzle_temperature": [
        "255"
    ],
    "nozzle_temperature_initial_layer": [
        "255"
    ],
    "nozzle_temperature_range_high": [
        "260"
    ],
    "cool_plate_temp": [
        "0"
    ],
    "cool_plate_temp_initial_layer": [
        "0"
    ],
    "textured_cool_plate_temp": [
        "0"
    ],
    "textured_cool_plate_temp_initial_layer": [
        "0"
    ],
    "overhang_fan_threshold": [
        "95%"
    ],
    "pressure_advance": [
        "0.07"
    ],
    "slow_down_layer_time": [
        "3"
    ],
    "slow_down_min_speed": [
        "20"
    ],
    "temperature_vitrification": [
        "80"
    ]
}
