{
    "inherits": "dremel_base",
    "name": "Dremel PETG @3D50",
    "from": "system",
    "type": "filament",
    "version": "2.0.0.5",
    "instantiation": "true",
    "compatible_printers":["Dremel 3D50 0.4 nozzle"],
    "activate_air_filtration":["1"],
    "additional_cooling_fan_speed":["0"],
    "complete_print_exhaust_fan_speed":["50"],
    "default_filament_colour":["#FFFFF7"],
    "during_print_exhaust_fan_speed":["25"],
    "enable_overhang_bridge_fan":["1"],
    "enable_pressure_advance": ["1"],
    "fan_cooling_layer_time":["65"],
    "fan_max_speed":["20"],
    "fan_min_speed":["0"],
    "filament_cost":["45.99"],
    "filament_flow_ratio":["0.96"],
    "filament_max_volumetric_speed":["12"],
    "filament_settings_id":["Dremel PETG"],
    "filament_type":["PETG"],
    "filament_vendor":["Dremel"],
    "full_fan_speed_layer":["2"],
    "hot_plate_temp": ["70"],
    "hot_plate_temp_initial_layer": ["70"],
    "nozzle_temperature":["270"],
    "nozzle_temperature_initial_layer":["265"],
    "nozzle_temperature_range_high":["270"],
    "cool_plate_temp":["0"],
    "cool_plate_temp_initial_layer":["0"],
    "reduce_fan_stop_start_freq": ["0"],
    "textured_cool_plate_temp":["0"],
    "textured_cool_plate_temp_initial_layer":["0"],
    "textured_plate_temp":["70"],
    "textured_plate_temp_initial_layer":["70"],
    "smooth_pei_plate_temp":["70"],
    "smooth_pei_plate_temp_initial_layer":["70"],
    "overhang_fan_speed":["0"],
    "overhang_fan_threshold":["10%"],
    "pressure_advance":["0.045"],
    "slow_down_for_layer_cooling":["0"],
    "slow_down_layer_time":["8"],
    "temperature_vitrification":["85"]
  }
  