{
    "inherits": "dremel_base_tpu",
    "name": "Dremel TPU @3D50",
    "from": "system",
    "type": "filament",
    "version": "2.0.0.3",
    "instantiation": "true",
    "compatible_printers": ["Dremel 3D50 0.4 nozzle"],
    "activate_air_filtration": ["1"],
    "complete_print_exhaust_fan_speed": ["50"],
    "default_filament_colour": ["#17141F"],
    "during_print_exhaust_fan_speed": ["80"],
    "fan_cooling_layer_time": ["100"],
    "fan_min_speed": ["100"],
    "filament_cost": ["39.99"],
    "filament_density": ["1.32"],
    "filament_flow_ratio": ["1.00"],
    "filament_max_volumetric_speed": ["3"],
    "filament_deretraction_speed": ["3"],
    "filament_retraction_speed": ["3"],
    "filament_settings_id": ["Dremel TPU"],
    "filament_vendor": ["Dremel"],
    "nozzle_temperature": ["240"],
    "nozzle_temperature_initial_layer": ["240"],
    "nozzle_temperature_range_high": ["245"],
    "cool_plate_temp": ["0"],
    "cool_plate_temp_initial_layer": ["0"],
    "textured_cool_plate_temp": ["0"],
    "textured_cool_plate_temp_initial_layer": ["0"],
    "overhang_fan_threshold": ["50%"],
    "pressure_advance": ["0.045"],
    "reduce_fan_stop_start_freq": ["1"],
    "slow_down_layer_time": ["4"],
    "slow_down_min_speed": ["10"],
    "temperature_vitrification": ["60"],
	"smooth_pei_plate_temp":["60"],
    "smooth_pei_plate_temp_initial_layer":["60"],
    "textured_plate_temp": ["60"],
    "textured_plate_temp_initial_layer": ["60"]
}
