{
    "type": "filament",
    "name": "Dremel PETG @base",
    "inherits": "fdm_filament_pla",
    "from": "system",
    "filament_id": "GFG60",
    "version": "2.0.0.2",
    "instantiation": "false",
    "description": "",
    "filament_cost": [
        "35.99"
    ],
    "filament_density": [
        "1.31"
    ],
    "filament_flow_ratio": [
        "0.98"
    ],
    "filament_vendor": [
        "Dremel"
    ],
    "filament_scarf_height": [
        "5%"
    ],
    "filament_scarf_gap": [
        "0%"
    ],
    "nozzle_temperature": [
        "265"
    ],
    "nozzle_temperature_initial_layer": [
        "265"
    ],
    "overhang_fan_speed": [
        "90"
    ],
    "overhang_fan_threshold": [
        "10%"
    ],
    "slow_down_layer_time": [
        "12"
    ],
    "slow_down_min_speed": [
        "20"
    ],
    "supertack_plate_temp": [
        "0"
    ],
    "supertack_plate_temp_initial_layer": [
        "0"
    ],
    "textured_plate_temp_initial_layer": [
        "70"
    ],
    "filament_start_gcode": [
        ""
    ]
}