{
    "type": "filament",
    "name": "fdm_filament_tpu",
    "from": "system",
    "instantiation": "false",
    "version": "2.0.0.1",
    "inherits": "fdm_filament_common",
    "cool_plate_temp" : [
        "50"
    ],
    "eng_plate_temp" : [
        "50"
    ],
    "hot_plate_temp" : [
        "50"
    ],
    "textured_plate_temp" : [
        "50"
    ],
    "cool_plate_temp_initial_layer" : [
        "50"
    ],
    "eng_plate_temp_initial_layer" : [
        "60"
    ],
    "hot_plate_temp_initial_layer" : [
        "60"
    ],
    "textured_plate_temp_initial_layer" : [
        "50"
    ],
    "fan_cooling_layer_time": [
        "100"
    ],
    "filament_max_volumetric_speed": [
        "8"
    ],
    "filament_type": [
        "TPU"
    ],
    "filament_density": [
        "1.24"
    ],
    "filament_cost": [
        "20"
    ],
    "filament_retraction_length": [
        "0.4"
    ],
    "nozzle_temperature_initial_layer": [
        "240"
    ],
    "reduce_fan_stop_start_freq": [
        "1"
    ],
    "slow_down_for_layer_cooling": [
        "1"
    ],
    "fan_max_speed": [
        "100"
    ],
    "fan_min_speed": [
        "100"
    ],
    "overhang_fan_speed": [
        "100"
    ],
    "additional_cooling_fan_speed": [
        "70"
    ],
    "close_fan_the_first_x_layers": [
        "1"
    ],
    "nozzle_temperature": [
        "240"
    ],
    "temperature_vitrification": [
        "60"
    ],
    "nozzle_temperature_range_low": [
        "200"
    ],
    "nozzle_temperature_range_high": [
        "250"
    ],
    "filament_start_gcode": [
        ""
    ]
}
