{
    "type": "process",
    "from": "system",
    "inherits": "fdm_process_dremel_common",
    "name": "0.20mm Standard @Dremel 3D45 0.4",
	"version": "2.3.1.1",
    "instantiation": "true",
    "adaptive_layer_height": "0",
    "bridge_flow": "1",
    "bridge_speed": "50",
    "brim_width": "5",
    "bridge_no_support": "0",
    "bottom_surface_pattern": "monotonic",
    "bottom_shell_layers": "4",
    "bottom_shell_thickness": "1",
    "brim_object_gap": "0.1",
    "default_acceleration": "2000",
    "detect_overhang_wall": "1",
    "enable_support": "1",
	"enable_arc_fitting": "0",
    "filename_format": "{input_filename_base}.gcode",
    "gap_infill_speed": "35",
    "infill_direction": "45",
    "initial_layer_line_width": "0.4",
    "initial_layer_print_height": "0.2",
    "initial_layer_speed": "25",
    "infill_combination": "1",
    "infill_wall_overlap": "12%",
    "inner_wall_line_width": "0.4",
    "inner_wall_speed": "60",
    "inner_wall_acceleration": "2000",
    "internal_solid_infill_line_width": "0.4",
    "internal_solid_infill_speed": "50",
    "internal_bridge_support_thickness": "0.8",
    "initial_layer_acceleration": "2000",
    "ironing_flow": "10%",
    "ironing_spacing": "0.15",
    "ironing_speed": "30",
	"ironing_type": "no ironing",
    "initial_layer_infill_speed": "40",
    "line_width": "0.42",
    "layer_height": "0.2",
    "minimum_sparse_infill_area": "15",
    "max_travel_detour_distance": "0",
    "outer_wall_line_width": "0.42",
    "outer_wall_speed": "45",
    "outer_wall_acceleration": "2000",
    "overhang_1_4_speed": "0",
    "overhang_2_4_speed": "50",
    "overhang_3_4_speed": "30",
    "overhang_4_4_speed": "10",
    "only_one_wall_top": "1",
    "print_sequence": "by layer",
    "reduce_infill_retraction": "1",
    "raft_first_layer_density": "100%",
    "raft_first_layer_expansion": "1.5",
    "resolution": "0.012",
    "sparse_infill_density": "20%",
    "sparse_infill_pattern": "grid",
    "sparse_infill_line_width": "0.4",
    "sparse_infill_speed": "55",
    "seam_position": "aligned",
    "skirt_height": "2",
    "skirt_distance": "3",
    "skirt_loops": "2",
    "support_line_width": "0.42",
    "support_top_z_distance": "0.42",
    "support_interface_top_layers": "2",
    "support_interface_spacing": "0.5",
    "support_interface_speed": "50",
    "support_interface_pattern": "auto",
    "support_base_pattern": "default",
    "support_base_pattern_spacing": "2.5",
    "support_speed": "55",
    "support_threshold_angle": "30",
    "support_object_xy_distance": "1",
    "slow_down_layers": "1",
    "support_bottom_z_distance": "0.4",
    "support_interface_bottom_layers": "2",
    "support_expansion": "1.0",
    "top_surface_line_width": "0.42",
    "top_surface_speed": "45",
    "travel_speed": "120",
    "travel_acceleration": "2000",
    "top_surface_pattern": "monotonicline",
    "top_surface_acceleration": "2000",
    "top_shell_layers": "5",
    "top_shell_thickness": "1",
    "wall_loops": "3",
    "wall_infill_order": "inner wall/outer wall/infill",
    "wall_generator": "arachne",
    "wipe_on_loops": "1",
    "compatible_printers": [
        "Dremel 3D45 0.4 nozzle"
    ]
}
