{
    "accel_to_decel_enable": "0",
    "bottom_shell_layers": "3",
    "bridge_acceleration": "100%",
    "bridge_angle": "45",
    "bridge_flow": "0.9",
    "bridge_speed": "100",
    "default_acceleration": "10000",
    "detect_thin_wall": "0",
    "elefant_foot_compensation": "0.15",
    "enable_arc_fitting": "0",
    "enable_overhang_speed": "1",
    "enable_prime_tower": "1",
    "ensure_vertical_shell_thickness": "ensure_moderate",
    "exclude_object": "1",
    "extra_perimeters_on_overhangs": "1",
    "filename_format": "{input_filename_base}.gcode",
    "from": "system",
    "gap_infill_speed": "250%",
    "infill_anchor": "400%",
    "infill_anchor_max": "20",
    "infill_combination": "0",
    "infill_direction": "90",
    "initial_layer_acceleration": "1000",
    "initial_layer_infill_speed": "100",
    "initial_layer_line_width": "0.5",
    "initial_layer_speed": "70",
    "inner_wall_acceleration": "10000",
    "inner_wall_line_width": "0.45",
    "inner_wall_speed": "250",
    "internal_bridge_flow": "0.9",
    "internal_bridge_speed": "200%",
    "internal_solid_infill_acceleration": "100%",
    "internal_solid_infill_pattern": "zig-zag",
    "internal_solid_infill_speed": "250",
    "is_custom_defined": "0",
    "layer_height": "0.24",
    "line_width": "0.42",    
	"outer_wall_line_width": "0.42",
    "top_surface_line_width": "0.42",
    "internal_solid_infill_line_width": "0.42",
    "minimum_sparse_infill_area": "15",
    "name": "0.24mm Detailed Draft @Dremel 3D50 0.4",
    "instantiation": "true",
    "outer_wall_speed": "100",
    "outer_wall_acceleration": "5000",
    "overhang_1_4_speed": "0",
    "overhang_2_4_speed": "50",
    "overhang_3_4_speed": "30",
    "overhang_reverse": "1",
    "overhang_reverse_internal_only": "1",
    "overhang_reverse_threshold": "0%",
    "precise_outer_wall": "1",
    "print_settings_id": "0.28mm",
    "role_based_wipe_speed": "0",
    "seam_gap": "0",
    "seam_position": "back",
    "skirt_height": "2",
    "skirt_distance": "3",
    "skirt_loops": "2",
    "small_perimeter_speed": "50%",
    "sparse_infill_acceleration": "100%",
    "sparse_infill_line_width": "0.45",
    "sparse_infill_pattern": "grid",
    "sparse_infill_speed": "250",
    "staggered_inner_seams": "1",
    "support_base_pattern": "default",
    "support_interface_bottom_layers": "2",
    "support_interface_pattern": "auto",
    "support_interface_spacing": "0.5",
    "support_interface_top_layers": "2",
    "support_line_width": "0.42",
    "support_object_xy_distance": "0.5",
    "support_on_build_plate_only": "0",
    "support_remove_small_overhang": "1",
    "support_speed": "150",
    "support_type": "tree(auto)",
    "thick_bridges": "0",
    "top_shell_layers": "4",
    "top_shell_thickness": "1",
    "top_surface_acceleration": "5000",
    "top_surface_speed": "200",
    "travel_acceleration": "10000",
    "travel_speed": "350",
    "version": "2.0.0.6",
    "wall_loops": "2",
    "wipe_before_external_loop": "1",
    "wipe_on_loops": "1",
    "wipe_speed": "100%",
    "wipe_tower_no_sparse_layers": "1",
    "compatible_printers": [
        "Dremel 3D50 0.4 nozzle"
    ]
}
